<?xml version="1.0" ?>
<LOG_ROOT>
	<PROJECT NAME="Mega_korinenko_lab_ALB">
		<CBX_INST_ENTRY INSTANCE_NAME="|Mega_korinenko_lab_ALB|ALB_MX_korinenko:inst9|lpm_mux:lpm_mux_component" CBX_FILE_NAME="mux_vmc.tdf"/>
		<CBX_INST_ENTRY INSTANCE_NAME="|Mega_korinenko_lab_ALB|const0_korinenko:inst12|lpm_constant:lpm_constant_component" CBX_FILE_NAME="lpm_constant_3e6.tdf"/>
		<CBX_INST_ENTRY INSTANCE_NAME="|Mega_korinenko_lab_ALB|const0_korinenko:inst14|lpm_constant:lpm_constant_component" CBX_FILE_NAME="lpm_constant_3e6.tdf"/>
		<CBX_INST_ENTRY INSTANCE_NAME="|Mega_korinenko_lab_ALB|mx_char_korinenko:inst11|lpm_mux:lpm_mux_component" CBX_FILE_NAME="mux_omc.tdf"/>
		<CBX_INST_ENTRY INSTANCE_NAME="|Mega_korinenko_lab_ALB|mx_char_korinenko:inst10|lpm_mux:lpm_mux_component" CBX_FILE_NAME="mux_omc.tdf"/>
		<CBX_INST_ENTRY INSTANCE_NAME="|Mega_korinenko_lab_ALB|sub8_korinenko:inst5|lpm_add_sub:lpm_add_sub_component" CBX_FILE_NAME="add_sub_mbj.tdf"/>
		<CBX_INST_ENTRY INSTANCE_NAME="|Mega_korinenko_lab_ALB|sum8_korinenko:inst2|lpm_add_sub:lpm_add_sub_component" CBX_FILE_NAME="add_sub_laj.tdf"/>
	</PROJECT>
</LOG_ROOT>
